K0,3/11/2024,0:28:16,29.5,29.9,29.6,29.3,29.2,29,28.2,26.8,1999.9,30,28.1,31.4,1999.9,1999.9,1999.9,1999.9,29.3,29.2,29.2,29.2,25.6,1999.9,25.6,25.8
1,3/11/2024,0:28:26,29.6,29.9,29.6,29.3,29.2,29,28.2,26.8,1999.9,30,28.2,31.3,1999.9,1999.9,1999.9,1999.9,29.2,29.2,29.1,29.1,25.6,1999.9,25.6,25.9
2,3/11/2024,0:28:37,29.6,29.9,29.6,29.3,29.2,29,28.2,26.8,1999.9,30,28.2,31.3,1999.9,1999.9,1999.9,1999.9,29.3,29.2,29.1,29.1,25.6,1999.9,25.7,25.8
3,3/11/2024,0:28:47,29.6,29.9,29.6,29.3,29.2,29,28.2,26.8,1999.9,30,28.2,31.3,1999.9,1999.9,1999.9,1999.9,29.2,29.1,29.1,29.1,25.6,1999.9,25.7,25.9
4,3/11/2024,0:28:57,29.6,29.9,29.6,29.3,29.2,29,28.2,26.8,1999.9,30,28.2,31.3,1999.9,1999.9,1999.9,1999.9,29.2,29.1,29.1,29.1,25.6,1999.9,25.6,25.8
5,3/11/2024,0:29:07,29.6,29.9,29.6,29.3,29.2,29,28.2,26.8,1999.9,30,28.2,31.3,1999.9,1999.9,1999.9,1999.9,29.2,29.1,29.1,29.1,25.6,1999.9,25.7,25.8
6,3/11/2024,0:29:17,29.6,29.9,29.6,29.3,29.2,29,28.2,26.8,1999.9,30,28.2,31.3,1999.9,1999.9,1999.9,1999.9,29.2,29.1,29.1,29.1,25.6,1999.9,25.6,25.8
7,3/11/2024,0:29:27,29.6,29.9,29.6,29.3,29.2,29,28.2,26.8,1999.9,30,27.9,31.3,1999.9,1999.9,1999.9,1999.9,29.2,29.2,29.1,29.1,25.6,1999.9,25.6,25.8
8,3/11/2024,0:29:37,29.6,29.9,29.6,29.3,29.2,29,28.2,26.8,1999.9,30,27.9,31.3,1999.9,1999.9,1999.9,1999.9,29.2,29.1,29.1,29.1,25.6,1999.9,25.6,25.8
9,3/11/2024,0:29:47,29.6,29.9,29.6,29.3,29.2,29,28.2,26.8,1999.9,30,27.9,31.3,1999.9,1999.9,1999.9,1999.9,29.2,29.1,29.1,29,25.6,1999.9,25.7,25.9
10,3/11/2024,0:29:57,29.6,29.9,29.6,29.3,29.2,29,28.2,26.8,1999.9,30,27.9,31.3,1999.9,1999.9,1999.9,1999.9,29.2,29.1,29.1,29.1,25.6,1999.9,25.7,25.9
11,3/11/2024,0:30:07,29.6,29.9,29.6,29.3,29.2,29,28.2,26.8,1999.9,30,27.9,31.3,1999.9,1999.9,1999.9,1999.9,29.2,29.2,29.1,29.1,25.6,1999.9,25.7,25.9
12,3/11/2024,0:30:18,29.6,29.9,29.6,29.3,29.2,29,28.2,26.8,1999.9,30,27.9,31.3,1999.9,1999.9,1999.9,1999.9,29.3,29.2,29.2,29.2,25.6,1999.9,25.6,25.8
13,3/11/2024,0:30:28,29.6,29.9,29.6,29.3,29.2,29,28.2,26.8,1999.9,30,27.9,31.3,1999.9,1999.9,1999.9,1999.9,29.3,29.2,29.2,29.2,25.6,1999.9,25.7,25.9
14,3/11/2024,0:30:38,29.6,29.9,29.6,29.3,29.2,29,28.2,26.8,1999.9,30,28,31.3,1999.9,1999.9,1999.9,1999.9,29.3,29.2,29.2,29.2,25.6,1999.9,25.7,25.9
15,3/11/2024,0:30:48,29.6,29.9,29.6,29.3,29.2,29,28.2,26.8,1999.9,30,28,31.3,1999.9,1999.9,1999.9,1999.9,29.3,29.2,29.2,29.2,25.6,1999.9,25.7,25.8
16,3/11/2024,0:30:58,29.6,29.9,29.6,29.3,29.2,29,28.2,26.8,1999.9,30,28,31.3,1999.9,1999.9,1999.9,1999.9,29.2,29.2,29.2,29.1,25.6,1999.9,25.6,25.9
17,3/11/2024,0:31:08,29.6,29.9,29.6,29.3,29.2,29,28.2,26.8,1999.9,30,28,31.3,1999.9,1999.9,1999.9,1999.9,29.3,29.3,29.2,29.2,25.6,1999.9,25.6,25.8
18,3/11/2024,0:31:18,29.6,29.9,29.6,29.3,29.2,29,28.2,26.8,1999.9,30,28,31.3,1999.9,1999.9,1999.9,1999.9,29.3,29.2,29.2,29.2,25.6,1999.9,25.6,25.9
19,3/11/2024,0:31:28,29.6,29.9,29.6,29.3,29.2,29,28.2,26.8,1999.9,30,28.1,31.3,1999.9,1999.9,1999.9,1999.9,29.3,29.2,29.2,29.2,25.6,1999.9,25.6,25.8
20,3/11/2024,0:31:38,29.5,29.9,29.6,29.3,29.2,29,28.2,26.8,1999.9,30,28.1,31.3,1999.9,1999.9,1999.9,1999.9,29.3,29.3,29.2,29.2,25.6,1999.9,25.6,25.8
21,3/11/2024,0:31:48,29.6,29.9,29.6,29.3,29.2,29,28.2,26.8,1999.9,30,28.1,31.3,1999.9,1999.9,1999.9,1999.9,29.3,29.2,29.2,29.2,25.6,1999.9,25.7,25.9
22,3/11/2024,0:31:59,29.6,29.9,29.6,29.3,29.2,29,28.2,26.8,1999.9,30,28.1,31.3,1999.9,1999.9,1999.9,1999.9,29.3,29.3,29.2,29.2,25.6,1999.9,25.7,25.9
23,3/11/2024,0:32:09,29.6,29.9,29.6,29.3,29.2,29,28.2,26.8,1999.9,30,28.1,31.3,1999.9,1999.9,1999.9,1999.9,29.3,29.3,29.2,29.2,25.6,1999.9,25.6,25.8
24,3/11/2024,0:32:19,29.6,29.9,29.6,29.3,29.2,29,28.2,26.8,1999.9,30,28.1,31.3,1999.9,1999.9,1999.9,1999.9,29.3,29.3,29.2,29.2,25.6,1999.9,25.6,25.8
25,3/11/2024,0:32:29,29.6,29.9,29.6,29.3,29.2,29,28.2,26.8,1999.9,29.7,28.2,31.3,1999.9,1999.9,1999.9,1999.9,29.3,29.3,29.2,29.2,25.6,1999.9,25.7,25.9
26,3/11/2024,0:32:39,29.6,29.9,29.6,29.3,29.2,29,28.2,26.8,1999.9,29.7,28.2,31.3,1999.9,1999.9,1999.9,1999.9,29.3,29.3,29.2,29.2,25.6,1999.9,25.7,25.8
27,3/11/2024,0:32:49,29.6,29.9,29.6,29.3,29.2,29,28.2,26.8,1999.9,29.7,28.2,31.3,1999.9,1999.9,1999.9,1999.9,29.3,29.2,29.2,29.2,25.6,1999.9,25.6,25.8
28,3/11/2024,0:32:59,29.6,29.9,29.6,29.3,29.2,29,28.2,26.8,1999.9,29.7,28.2,31.3,1999.9,1999.9,1999.9,1999.9,29.3,29.3,29.2,29.2,25.6,1999.9,25.6,25.8
29,3/11/2024,0:33:09,29.6,29.9,29.6,29.3,29.2,29,28.2,26.8,1999.9,29.7,27.9,31.3,1999.9,1999.9,1999.9,1999.9,29.3,29.2,29.2,29.2,25.6,1999.9,25.7,25.9
30,3/11/2024,0:33:19,29.6,29.9,29.6,29.3,29.2,29,28.2,26.8,1999.9,29.2,27.8,31.1,1999.9,1999.9,1999.9,1999.9,29.3,29.2,29.2,29.2,25.6,1999.9,25.6,25.8
31,3/11/2024,0:33:29,29.6,29.9,29.6,29.3,29.2,29,28.2,26.8,1999.9,29.2,27.9,31.1,1999.9,1999.9,1999.9,1999.9,29.3,29.3,29.2,29.2,25.6,1999.9,25.7,25.9
32,3/11/2024,0:33:40,29.6,29.9,29.6,29.3,29.2,29,28.2,26.8,1999.9,29.2,27.8,30.9,1999.9,1999.9,1999.9,1999.9,29.3,29.3,29.2,29.2,25.6,1999.9,25.6,25.8
33,3/11/2024,0:33:50,29.6,29.9,29.6,29.4,29.2,29,28.2,26.8,1999.9,29.2,27.8,30.9,1999.9,1999.9,1999.9,1999.9,29.3,29.2,29.2,29.2,25.6,1999.9,25.6,25.8
34,3/11/2024,0:34:00,29.6,29.9,29.6,29.3,29.2,29,28.2,26.8,1999.9,29.2,27.8,30.6,1999.9,1999.9,1999.9,1999.9,29.3,29.3,29.2,29.2,25.6,1999.9,25.6,25.8
35,3/11/2024,0:34:10,29.6,29.9,29.6,29.3,29.2,29,28.2,26.8,1999.9,29.2,27.8,30.9,1999.9,1999.9,1999.9,1999.9,29.3,29.3,29.2,29.2,25.6,1999.9,25.7,25.9
36,3/11/2024,0:34:20,29.6,29.9,29.6,29.3,29.2,29,28.2,26.8,1999.9,29.1,27.8,30.8,1999.9,1999.9,1999.9,1999.9,29.3,29.3,29.2,29.2,25.6,1999.9,25.7,25.9
37,3/11/2024,0:34:30,29.6,29.9,29.6,29.3,29.2,29,28.2,26.8,1999.9,29.1,27.8,30.7,1999.9,1999.9,1999.9,1999.9,29.3,29.3,29.2,29.2,25.6,1999.9,25.7,25.8
38,3/11/2024,0:34:40,29.6,29.9,29.6,29.3,29.2,29,28.2,26.8,1999.9,29.2,27.7,30.8,1999.9,1999.9,1999.9,1999.9,29.3,29.2,29.2,29.2,25.6,1999.9,25.6,25.9
39,3/11/2024,0:34:50,29.6,29.9,29.6,29.3,29.2,29,28.2,26.8,1999.9,29.4,27.7,30.7,1999.9,1999.9,1999.9,1999.9,29.3,29.3,29.2,29.2,25.6,1999.9,25.6,25.8
40,3/11/2024,0:35:00,29.6,29.9,29.6,29.3,29.2,29,28.2,26.8,1999.9,29.6,27.7,30.6,1999.9,1999.9,1999.9,1999.9,29.3,29.3,29.2,29.2,25.6,1999.9,25.6,25.9
41,3/11/2024,0:35:10,29.6,29.9,29.6,29.3,29.2,29,28.2,26.8,1999.9,29.7,27.7,30.7,1999.9,1999.9,1999.9,1999.9,29.3,29.3,29.2,29.2,25.6,1999.9,25.7,25.9
42,3/11/2024,0:35:21,29.6,29.9,29.6,29.3,29.2,29,28.2,26.8,1999.9,31,27.5,30.5,1999.9,1999.9,1999.9,1999.9,29.3,29.3,29.2,29.2,25.6,1999.9,25.6,25.8
43,3/11/2024,0:35:31,29.6,29.9,29.6,29.3,29.2,29,28.2,26.8,1999.9,31.7,27.3,30.3,1999.9,1999.9,1999.9,1999.9,29.3,29.2,29.2,29.2,25.6,1999.9,25.6,25.9
44,3/11/2024,0:35:41,29.6,29.9,29.6,29.3,29.2,29,28.2,26.8,1999.9,31.5,27.1,30,1999.9,1999.9,1999.9,1999.9,29.3,29.3,29.2,29.2,25.6,1999.9,25.6,25.9
45,3/11/2024,0:35:51,29.6,29.9,29.6,29.3,29.2,29,28.2,26.8,1999.9,30.5,27,29.9,1999.9,1999.9,1999.9,1999.9,29.3,29.3,29.2,29.2,25.6,1999.9,25.6,25.8
46,3/11/2024,0:36:01,29.6,29.9,29.6,29.3,29.2,29,28.2,26.8,1999.9,30.2,27,29.6,1999.9,1999.9,1999.9,1999.9,29.3,29.3,29.2,29.2,25.6,1999.9,25.6,25.9
47,3/11/2024,0:36:11,29.6,29.9,29.6,29.3,29.2,29,28.2,26.8,1999.9,30,27,29.6,1999.9,1999.9,1999.9,1999.9,29.3,29.3,29.2,29.2,25.6,1999.9,25.6,25.8
48,3/11/2024,0:36:21,29.6,29.9,29.6,29.3,29.2,29,28.2,26.8,1999.9,29.8,27.1,29.6,1999.9,1999.9,1999.9,1999.9,29.3,29.2,29.2,29.2,25.6,1999.9,25.6,25.8
49,3/11/2024,0:36:31,29.6,29.9,29.6,29.3,29.2,29,28.2,26.8,1999.9,29.7,27.1,29.5,1999.9,1999.9,1999.9,1999.9,29.3,29.2,29.2,29.2,25.6,1999.9,25.6,25.9
50,3/11/2024,0:36:41,29.6,29.9,29.6,29.3,29.2,29,28.2,26.8,1999.9,29.6,27.1,29.7,1999.9,1999.9,1999.9,1999.9,29.2,29.2,29.1,29.1,25.6,1999.9,25.6,25.9
51,3/11/2024,0:36:51,29.6,29.9,29.6,29.3,29.2,29,28.2,26.8,1999.9,29.6,27.2,29.7,1999.9,1999.9,1999.9,1999.9,29.2,29.2,29.1,29.1,25.6,1999.9,25.6,25.8
52,3/11/2024,0:37:02,29.6,29.9,29.6,29.3,29.2,29,28.2,26.8,1999.9,29.5,27.3,29.9,1999.9,1999.9,1999.9,1999.9,29.2,29.2,29.1,29.1,25.6,1999.9,25.6,25.9
53,3/11/2024,0:37:12,29.6,29.9,29.6,29.3,29.2,29,28.2,26.8,1999.9,29.4,27.3,29.6,1999.9,1999.9,1999.9,1999.9,29.2,29.2,29.1,29.1,25.6,1999.9,25.6,25.8
54,3/11/2024,0:37:22,29.6,29.9,29.6,29.3,29.2,29,28.2,26.8,1999.9,29.5,27.3,29.9,1999.9,1999.9,1999.9,1999.9,29.2,29.2,29.1,29.1,25.6,1999.9,25.6,25.9
55,3/11/2024,0:37:32,29.6,29.9,29.6,29.3,29.2,29,28.2,26.8,1999.9,29.7,27.3,29.9,1999.9,1999.9,1999.9,1999.9,29.2,29.2,29.1,29.1,25.6,1999.9,25.6,25.8
56,3/11/2024,0:37:42,29.6,29.9,29.6,29.3,29.2,29,28.2,26.8,1999.9,29.7,27.3,30.1,1999.9,1999.9,1999.9,1999.9,29.2,29.2,29.1,29.1,25.6,1999.9,25.6,25.9
57,3/11/2024,0:37:52,29.6,29.9,29.6,29.3,29.2,29,28.2,26.8,1999.9,29.7,27.4,30.3,1999.9,1999.9,1999.9,1999.9,29.2,29.2,29.1,29.1,25.6,1999.9,25.6,25.8
58,3/11/2024,0:38:02,29.6,29.9,29.6,29.3,29.2,29,28.2,26.8,1999.9,29.6,27.4,30.4,1999.9,1999.9,1999.9,1999.9,29.3,29.2,29.2,29.1,25.6,1999.9,25.6,25.9
59,3/11/2024,0:38:12,29.6,29.9,29.6,29.3,29.2,29,28.2,26.8,1999.9,29.6,27.4,30.5,1999.9,1999.9,1999.9,1999.9,29.2,29.2,29.2,29.1,25.6,1999.9,25.6,25.9
60,3/11/2024,0:38:22,29.6,29.9,29.6,29.3,29.2,29,28.2,26.8,1999.9,29.6,27.4,30.6,1999.9,1999.9,1999.9,1999.9,29.3,29.2,29.2,29.2,25.6,1999.9,25.6,25.9
61,3/11/2024,0:38:32,29.6,29.9,29.6,29.3,29.2,29,28.2,26.8,1999.9,29.6,27.4,30.6,1999.9,1999.9,1999.9,1999.9,29.3,29.2,29.2,29.2,25.6,1999.9,25.6,25.9
62,3/11/2024,0:38:43,29.6,29.9,29.6,29.3,29.2,29,28.2,26.8,1999.9,29.6,27.4,30.7,1999.9,1999.9,1999.9,1999.9,29.3,29.2,29.2,29.2,25.6,1999.9,25.6,25.8
63,3/11/2024,0:38:53,29.6,29.9,29.6,29.3,29.2,29,28.2,26.8,1999.9,29.7,27.4,30.6,1999.9,1999.9,1999.9,1999.9,29.3,29.3,29.2,29.2,25.6,1999.9,25.7,25.9
64,3/11/2024,0:39:03,29.6,29.9,29.6,29.3,29.2,29,28.2,26.8,1999.9,29.8,27.4,30.7,1999.9,1999.9,1999.9,1999.9,29.2,29.2,29.2,29.1,25.6,1999.9,25.6,25.9
65,3/11/2024,0:39:13,29.6,29.9,29.6,29.3,29.2,29,28.2,26.8,1999.9,29.9,27.3,30.7,1999.9,1999.9,1999.9,1999.9,29.3,29.2,29.2,29.1,25.6,1999.9,25.6,25.8
66,3/11/2024,0:39:23,29.6,29.9,29.6,29.3,29.2,29,28.2,26.8,1999.9,30,27.3,30.7,1999.9,1999.9,1999.9,1999.9,29.3,29.3,29.2,29.2,25.6,1999.9,25.6,25.9
67,3/11/2024,0:39:33,29.6,29.9,29.6,29.3,29.2,29,28.2,26.8,1999.9,30.6,27.3,30.4,1999.9,1999.9,1999.9,1999.9,29.3,29.3,29.2,29.2,25.6,1999.9,25.6,25.8
68,3/11/2024,0:39:43,29.6,29.9,29.6,29.3,29.2,29,28.2,26.8,1999.9,31.3,27.3,30.2,1999.9,1999.9,1999.9,1999.9,29.3,29.2,29.2,29.2,25.6,1999.9,25.6,25.8
69,3/11/2024,0:39:53,29.6,29.9,29.6,29.3,29.2,29,28.2,26.8,1999.9,30.7,27.3,29.9,1999.9,1999.9,1999.9,1999.9,29.3,29.3,29.2,29.2,25.6,1999.9,25.6,25.8
70,3/11/2024,0:40:03,29.6,29.9,29.6,29.3,29.2,29,28.2,26.8,1999.9,30.3,27.4,29.8,1999.9,1999.9,1999.9,1999.9,29.3,29.2,29.2,29.2,25.6,1999.9,25.6,25.8
71,3/11/2024,0:40:13,29.6,29.9,29.6,29.3,29.2,29,28.2,26.8,1999.9,30.1,27.4,29.7,1999.9,1999.9,1999.9,1999.9,29.3,29.2,29.2,29.1,25.6,1999.9,25.6,25.8
72,3/11/2024,0:40:24,29.5,29.9,29.6,29.3,29.2,29,28.2,26.8,1999.9,29.9,27.4,29.7,1999.9,1999.9,1999.9,1999.9,29.3,29.2,29.2,29.2,25.6,1999.9,25.6,25.8
73,3/11/2024,0:40:34,29.6,29.9,29.6,29.3,29.2,29,28.2,26.8,1999.9,29.7,27.3,29.7,1999.9,1999.9,1999.9,1999.9,29.3,29.3,29.2,29.2,25.6,1999.9,25.6,25.8
74,3/11/2024,0:40:44,29.5,29.9,29.6,29.3,29.2,29,28.2,26.8,1999.9,29.6,27.3,29.6,1999.9,1999.9,1999.9,1999.9,29.3,29.2,29.2,29.1,25.6,1999.9,25.6,25.8
75,3/11/2024,0:40:54,29.6,29.9,29.6,29.3,29.2,29,28.2,26.8,1999.9,29.5,27.4,29.6,1999.9,1999.9,1999.9,1999.9,29.3,29.3,29.2,29.2,25.6,1999.9,25.6,25.8
76,3/11/2024,0:41:04,29.6,29.9,29.6,29.3,29.2,29,28.2,26.8,1999.9,29.5,27.3,29.6,1999.9,1999.9,1999.9,1999.9,29.3,29.3,29.2,29.2,25.6,1999.9,25.6,25.8
77,3/11/2024,0:41:14,29.6,29.9,29.6,29.3,29.2,29,28.2,26.8,1999.9,29.5,27.3,29.6,1999.9,1999.9,1999.9,1999.9,29.3,29.3,29.2,29.2,25.6,1999.9,25.6,25.9
78,3/11/2024,0:41:24,29.6,29.9,29.6,29.3,29.2,29,28.2,26.8,1999.9,29.4,27.3,29.7,1999.9,1999.9,1999.9,1999.9,29.3,29.3,29.2,29.2,25.6,1999.9,25.6,25.9
79,3/11/2024,0:41:34,29.6,29.9,29.6,29.3,29.2,29,28.2,26.8,1999.9,29.4,27.3,29.7,1999.9,1999.9,1999.9,1999.9,29.3,29.3,29.2,29.2,25.6,1999.9,25.6,25.9
80,3/11/2024,0:41:44,29.6,29.9,29.6,29.3,29.2,29,28.2,26.8,1999.9,29.4,27.4,29.7,1999.9,1999.9,1999.9,1999.9,29.3,29.3,29.2,29.2,25.6,1999.9,25.6,25.8
81,3/11/2024,0:41:54,29.6,29.9,29.6,29.3,29.2,29,28.2,26.8,1999.9,29.4,27.5,29.7,1999.9,1999.9,1999.9,1999.9,29.3,29.3,29.2,29.2,25.6,1999.9,25.6,25.8
82,3/11/2024,0:42:05,29.6,29.9,29.6,29.3,29.2,29,28.2,26.8,1999.9,29.5,27.6,29.8,1999.9,1999.9,1999.9,1999.9,29.3,29.3,29.2,29.2,25.6,1999.9,25.6,25.9
83,3/11/2024,0:42:15,29.6,29.9,29.6,29.3,29.2,29,28.2,26.8,1999.9,29.5,27.6,29.7,1999.9,1999.9,1999.9,1999.9,29.3,29.3,29.2,29.2,25.6,1999.9,25.6,25.8
84,3/11/2024,0:42:25,29.6,29.9,29.6,29.3,29.2,29,28.2,26.8,1999.9,29.5,27.7,29.8,1999.9,1999.9,1999.9,1999.9,29.3,29.3,29.2,29.2,25.6,1999.9,25.6,25.9
85,3/11/2024,0:42:35,29.6,29.9,29.6,29.3,29.2,29,28.2,26.8,1999.9,29.5,27.9,29.8,1999.9,1999.9,1999.9,1999.9,29.3,29.3,29.2,29.2,25.6,1999.9,25.6,25.9
86,3/11/2024,0:42:45,29.6,29.9,29.6,29.3,29.2,29,28.2,26.8,1999.9,29.5,28.1,29.8,1999.9,1999.9,1999.9,1999.9,29.3,29.3,29.2,29.2,25.6,1999.9,25.6,25.9
87,3/11/2024,0:42:55,29.6,29.9,29.6,29.3,29.2,29,28.2,26.8,1999.9,29.6,28.3,29.8,1999.9,1999.9,1999.9,1999.9,29.3,29.3,29.2,29.2,25.6,1999.9,25.6,25.9
88,3/11/2024,0:43:05,29.6,29.9,29.6,29.3,29.2,29,28.2,26.8,1999.9,29.6,28.4,29.9,1999.9,1999.9,1999.9,1999.9,29.3,29.2,29.2,29.1,25.6,1999.9,25.6,25.9
89,3/11/2024,0:43:15,29.6,29.9,29.6,29.3,29.2,29,28.2,26.8,1999.9,29.6,28.5,30,1999.9,1999.9,1999.9,1999.9,29.3,29.2,29.2,29.2,25.6,1999.9,25.6,25.9
90,3/11/2024,0:43:25,29.6,29.9,29.6,29.3,29.2,29,28.2,26.8,1999.9,29.6,28.5,30.1,1999.9,1999.9,1999.9,1999.9,29.3,29.2,29.2,29.1,25.6,1999.9,25.6,25.8
91,3/11/2024,0:43:35,29.6,29.9,29.6,29.3,29.2,29,28.2,26.8,1999.9,29.7,28.5,30,1999.9,1999.9,1999.9,1999.9,29.3,29.3,29.2,29.2,25.6,1999.9,25.6,25.8
92,3/11/2024,0:43:46,29.6,29.9,29.6,29.3,29.2,29,28.2,26.8,1999.9,29.7,28.4,30.1,1999.9,1999.9,1999.9,1999.9,29.3,29.3,29.2,29.1,25.6,1999.9,25.6,25.8
93,3/11/2024,0:43:56,29.5,29.9,29.6,29.3,29.2,29,28.2,26.8,1999.9,29.8,28.4,30.1,1999.9,1999.9,1999.9,1999.9,29.3,29.3,29.2,29.2,25.6,1999.9,25.6,25.8
94,3/11/2024,0:44:06,29.6,29.9,29.6,29.3,29.2,29,28.2,26.8,1999.9,29.9,28.3,30.1,1999.9,1999.9,1999.9,1999.9,29.3,29.2,29.2,29.2,25.6,1999.9,25.6,25.8
95,3/11/2024,0:44:16,29.6,29.9,29.6,29.3,29.2,29,28.2,26.8,1999.9,29.9,28.3,30.2,1999.9,1999.9,1999.9,1999.9,29.3,29.3,29.2,29.2,25.6,1999.9,25.6,25.8
96,3/11/2024,0:44:26,29.6,29.9,29.6,29.3,29.2,29,28.2,26.8,1999.9,30,28.3,30.2,1999.9,1999.9,1999.9,1999.9,29.3,29.3,29.2,29.2,25.6,1999.9,25.6,25.9
97,3/11/2024,0:44:36,29.6,29.9,29.6,29.3,29.2,29,28.2,26.8,1999.9,30,28.3,30.2,1999.9,1999.9,1999.9,1999.9,29.3,29.3,29.2,29.2,25.6,1999.9,25.6,25.8
98,3/11/2024,0:44:46,29.6,29.9,29.6,29.3,29.2,29,28.2,26.8,1999.9,30.1,28.4,30.3,1999.9,1999.9,1999.9,1999.9,29.3,29.3,29.2,29.2,25.6,1999.9,25.6,25.8
99,3/11/2024,0:44:56,29.6,29.9,29.6,29.3,29.2,29,28.2,26.8,1999.9,30.1,28.4,30.3,1999.9,1999.9,1999.9,1999.9,29.3,29.3,29.2,29.2,25.6,1999.9,25.6,25.9
100,3/11/2024,0:45:06,29.6,29.9,29.6,29.3,29.2,29,28.2,26.8,1999.9,30.1,28.5,30.3,1999.9,1999.9,1999.9,1999.9,29.3,29.3,29.2,29.2,25.6,1999.9,25.6,25.8
101,3/11/2024,0:45:16,29.5,29.9,29.6,29.3,29.2,29,28.2,26.8,1999.9,30.1,28.6,30.3,1999.9,1999.9,1999.9,1999.9,29.3,29.3,29.2,29.2,25.6,1999.9,25.6,25.8
102,3/11/2024,0:45:27,29.6,29.9,29.6,29.3,29.2,29,28.2,26.8,1999.9,30.2,28.7,30.3,1999.9,1999.9,1999.9,1999.9,29.3,29.3,29.2,29.2,25.6,1999.9,25.6,25.9
103,3/11/2024,0:45:37,29.6,29.9,29.6,29.3,29.2,29,28.2,26.8,1999.9,30.2,28.7,30.4,1999.9,1999.9,1999.9,1999.9,29.3,29.3,29.2,29.2,25.6,1999.9,25.6,25.8
104,3/11/2024,0:45:47,29.5,29.9,29.6,29.3,29.2,29,28.2,26.8,1999.9,30.2,28.8,30.4,1999.9,1999.9,1999.9,1999.9,29.3,29.3,29.2,29.2,25.6,1999.9,25.6,25.8
105,3/11/2024,0:45:57,29.5,29.9,29.6,29.3,29.2,29,28.2,26.8,1999.9,30.2,28.8,30.5,1999.9,1999.9,1999.9,1999.9,29.3,29.3,29.2,29.2,25.6,1999.9,25.6,25.8
106,3/11/2024,0:46:17,29.6,29.8,29.6,29.3,29.2,29,28.2,26.8,1999.9,30.2,28.8,30.6,1999.9,1999.9,1999.9,1999.9,29.2,29.2,29.1,29.1,25.6,1999.9,25.6,25.8
107,3/11/2024,0:46:27,29.6,29.9,29.6,29.3,29.2,29,28.2,26.8,1999.9,30.2,28.8,30.7,1999.9,1999.9,1999.9,1999.9,29.3,29.2,29.2,29.1,25.6,1999.9,25.6,25.8
108,3/11/2024,0:46:37,29.5,29.8,29.6,29.3,29.2,29,28.2,26.8,1999.9,30.2,28.8,30.7,1999.9,1999.9,1999.9,1999.9,29.3,29.2,29.2,29.2,25.6,1999.9,25.6,25.9
109,3/11/2024,0:46:47,29.5,29.8,29.6,29.3,29.2,29,28.2,26.8,1999.9,30.4,28.8,30.7,1999.9,1999.9,1999.9,1999.9,29.3,29.2,29.2,29.2,25.6,1999.9,25.6,25.9
110,3/11/2024,0:46:58,29.5,29.9,29.6,29.3,29.2,29,28.2,26.8,1999.9,30.5,28.8,30.7,1999.9,1999.9,1999.9,1999.9,29.3,29.3,29.2,29.2,25.6,1999.9,25.6,25.8
111,3/11/2024,0:47:08,29.5,29.9,29.6,29.3,29.2,29,28.2,26.8,1999.9,30.6,28.8,30.7,1999.9,1999.9,1999.9,1999.9,29.3,29.2,29.2,29.2,25.6,1999.9,25.6,25.8
112,3/11/2024,0:47:18,29.5,29.9,29.6,29.3,29.2,29,28.2,26.8,1999.9,30.6,28.8,30.6,1999.9,1999.9,1999.9,1999.9,29.3,29.3,29.2,29.2,25.6,1999.9,25.6,25.8
113,3/11/2024,0:47:28,29.5,29.9,29.6,29.3,29.2,29,28.2,26.8,1999.9,30.7,28.8,30.6,1999.9,1999.9,1999.9,1999.9,29.3,29.2,29.2,29.1,25.6,1999.9,25.6,25.8
114,3/11/2024,0:47:38,29.5,29.8,29.6,29.3,29.2,29,28.2,26.8,1999.9,30.7,28.8,30.6,1999.9,1999.9,1999.9,1999.9,29.2,29.2,29.2,29.1,25.6,1999.9,25.6,25.8
115,3/11/2024,0:47:48,29.5,29.9,29.6,29.3,29.2,29,28.2,26.8,1999.9,30.8,28.7,30.5,1999.9,1999.9,1999.9,1999.9,29.3,29.2,29.2,29.1,25.6,1999.9,25.6,25.8
116,3/11/2024,0:47:58,29.5,29.8,29.6,29.3,29.2,29,28.2,26.8,1999.9,30.9,28.7,30.5,1999.9,1999.9,1999.9,1999.9,29.3,29.2,29.2,29.2,25.6,1999.9,25.6,25.8
117,3/11/2024,0:48:08,29.5,29.9,29.6,29.3,29.2,29,28.2,26.8,1999.9,30.9,28.7,30.5,1999.9,1999.9,1999.9,1999.9,29.3,29.2,29.2,29.2,25.6,1999.9,25.6,25.8
118,3/11/2024,0:48:18,29.5,29.9,29.6,29.3,29.2,29,28.2,26.8,1999.9,30.9,28.7,30.5,1999.9,1999.9,1999.9,1999.9,29.2,29.2,29.2,29.1,25.6,1999.9,25.6,25.8
119,3/11/2024,0:48:28,29.5,29.8,29.6,29.3,29.2,29,28.2,26.8,1999.9,30.9,28.6,30.4,1999.9,1999.9,1999.9,1999.9,29.3,29.2,29.2,29.1,25.6,1999.9,25.6,25.8
120,3/11/2024,0:48:39,29.5,29.9,29.5,29.3,29.2,29,28.2,26.8,1999.9,30.9,28.6,30.4,1999.9,1999.9,1999.9,1999.9,29.3,29.2,29.2,29.1,25.6,1999.9,25.6,25.8
121,3/11/2024,0:48:49,29.5,29.8,29.5,29.3,29.2,29,28.2,26.7,1999.9,30.9,28.6,30.2,1999.9,1999.9,1999.9,1999.9,29.3,29.3,29.2,29.2,25.6,1999.9,25.6,25.8
122,3/11/2024,0:48:59,29.5,29.8,29.6,29.3,29.2,29,28.2,26.8,1999.9,30.9,28.6,30.3,1999.9,1999.9,1999.9,1999.9,29.3,29.2,29.2,29.1,25.6,1999.9,25.6,25.8
123,3/11/2024,0:49:09,29.5,29.8,29.6,29.3,29.2,29,28.2,26.7,1999.9,30.9,28.6,30.3,1999.9,1999.9,1999.9,1999.9,29.3,29.2,29.2,29.2,25.6,1999.9,25.6,25.8
124,3/11/2024,0:49:19,29.5,29.9,29.6,29.3,29.2,29,28.2,26.8,1999.9,30.9,28.6,30.2,1999.9,1999.9,1999.9,1999.9,29.3,29.2,29.2,29.2,25.6,1999.9,25.6,25.8
125,3/11/2024,0:49:29,29.5,29.8,29.6,29.3,29.2,29,28.2,26.8,1999.9,30.9,28.6,30.3,1999.9,1999.9,1999.9,1999.9,29.3,29.3,29.2,29.2,25.6,1999.9,25.6,25.8
126,3/11/2024,0:49:39,29.5,29.9,29.6,29.3,29.2,29,28.2,26.7,1999.9,30.9,28.6,30.3,1999.9,1999.9,1999.9,1999.9,29.3,29.3,29.2,29.2,25.6,1999.9,25.6,25.8
127,3/11/2024,0:49:49,29.5,29.8,29.6,29.3,29.2,29,28.2,26.8,1999.9,30.9,28.5,30.3,1999.9,1999.9,1999.9,1999.9,29.3,29.3,29.2,29.2,25.6,1999.9,25.6,25.8
128,3/11/2024,0:49:59,29.5,29.9,29.6,29.3,29.2,29,28.2,26.8,1999.9,30.8,28.5,30.2,1999.9,1999.9,1999.9,1999.9,29.3,29.2,29.2,29.1,25.6,1999.9,25.6,25.8
129,3/11/2024,0:50:09,29.5,29.9,29.6,29.3,29.2,29,28.2,26.8,1999.9,30.8,28.5,30.4,1999.9,1999.9,1999.9,1999.9,29.3,29.3,29.2,29.2,25.6,1999.9,25.6,25.8
130,3/11/2024,0:50:20,29.5,29.9,29.6,29.3,29.2,29,28.2,26.8,1999.9,30.8,28.5,30.3,1999.9,1999.9,1999.9,1999.9,29.3,29.3,29.2,29.2,25.6,1999.9,25.6,25.8
131,3/11/2024,0:50:30,29.6,29.9,29.6,29.3,29.2,29,28.2,26.8,1999.9,30.8,28.5,30.3,1999.9,1999.9,1999.9,1999.9,29.3,29.2,29.2,29.2,25.6,1999.9,25.6,25.8
132,3/11/2024,0:50:40,29.5,29.9,29.6,29.3,29.2,29,28.2,26.8,1999.9,30.8,28.5,30.2,1999.9,1999.9,1999.9,1999.9,29.3,29.3,29.2,29.2,25.6,1999.9,25.6,25.8
133,3/11/2024,0:50:50,29.5,29.9,29.6,29.3,29.2,29,28.2,26.8,1999.9,30.8,28.5,30.4,1999.9,1999.9,1999.9,1999.9,29.3,29.3,29.2,29.2,25.6,1999.9,25.6,25.8
134,3/11/2024,0:51:00,29.5,29.9,29.6,29.3,29.2,29,28.2,26.8,1999.9,30.8,28.5,30.3,1999.9,1999.9,1999.9,1999.9,29.3,29.3,29.2,29.2,25.6,1999.9,25.6,25.8
135,3/11/2024,0:51:10,29.5,29.9,29.6,29.3,29.2,29,28.2,26.8,1999.9,30.7,28.5,30.4,1999.9,1999.9,1999.9,1999.9,29.3,29.3,29.2,29.2,25.6,1999.9,25.6,25.8
136,3/11/2024,0:51:20,29.5,29.9,29.6,29.3,29.2,29,28.2,26.8,1999.9,30.7,28.5,30.3,1999.9,1999.9,1999.9,1999.9,29.3,29.3,29.2,29.2,25.6,1999.9,25.6,25.8
137,3/11/2024,0:51:30,29.6,29.9,29.6,29.3,29.2,29,28.2,26.8,1999.9,30.7,28.5,30.3,1999.9,1999.9,1999.9,1999.9,29.3,29.3,29.2,29.2,25.6,1999.9,25.6,25.8
138,3/11/2024,0:51:40,29.5,29.9,29.6,29.3,29.2,29,28.2,26.8,1999.9,30.8,28.5,30.3,1999.9,1999.9,1999.9,1999.9,29.3,29.3,29.2,29.2,25.6,1999.9,25.6,25.8
139,3/11/2024,0:51:50,29.6,29.9,29.6,29.4,29.2,29,28.2,26.8,1999.9,30.8,28.5,30.3,1999.9,1999.9,1999.9,1999.9,29.3,29.3,29.2,29.2,25.6,1999.9,25.6,25.8
140,3/11/2024,0:52:01,29.5,29.9,29.6,29.3,29.2,29,28.2,26.8,1999.9,30.8,28.5,30.1,1999.9,1999.9,1999.9,1999.9,29.3,29.3,29.2,29.2,25.6,1999.9,25.6,25.8
141,3/11/2024,0:52:11,29.5,29.9,29.6,29.3,29.2,29,28.2,26.8,1999.9,30.7,28.5,30.2,1999.9,1999.9,1999.9,1999.9,29.3,29.3,29.2,29.2,25.6,1999.9,25.6,25.8
142,3/11/2024,0:52:21,29.6,29.9,29.6,29.3,29.2,29,28.2,26.8,1999.9,30.8,28.5,30.3,1999.9,1999.9,1999.9,1999.9,29.3,29.3,29.2,29.2,25.6,1999.9,25.6,25.8
143,3/11/2024,0:52:31,29.5,29.9,29.6,29.3,29.2,29,28.2,26.8,1999.9,30.8,28.5,30.2,1999.9,1999.9,1999.9,1999.9,29.3,29.3,29.2,29.2,25.6,1999.9,25.6,25.8
144,3/11/2024,0:52:41,29.6,29.9,29.6,29.4,29.2,29,28.2,26.8,1999.9,30.7,28.5,30.2,1999.9,1999.9,1999.9,1999.9,29.3,29.3,29.2,29.2,25.6,1999.9,25.6,25.8
145,3/11/2024,0:52:51,29.6,29.9,29.6,29.3,29.2,29,28.2,26.8,1999.9,30.7,28.5,30.3,1999.9,1999.9,1999.9,1999.9,29.3,29.3,29.2,29.2,25.6,1999.9,25.6,25.8
146,3/11/2024,0:53:01,29.5,29.9,29.6,29.3,29.2,29,28.2,26.8,1999.9,30.7,28.5,30.3,1999.9,1999.9,1999.9,1999.9,29.3,29.2,29.2,29.1,25.6,1999.9,25.6,25.8
147,3/11/2024,0:53:11,29.5,29.9,29.6,29.3,29.2,29,28.2,26.8,1999.9,30.7,28.5,30.2,1999.9,1999.9,1999.9,1999.9,29.3,29.2,29.2,29.2,25.6,1999.9,25.6,25.9
148,3/11/2024,0:53:21,29.5,29.9,29.6,29.3,29.2,29,28.2,26.8,1999.9,30.7,28.5,30.2,1999.9,1999.9,1999.9,1999.9,29.3,29.2,29.2,29.1,25.6,1999.9,25.6,25.8
149,3/11/2024,0:53:31,29.6,29.9,29.6,29.3,29.2,29,28.2,26.8,1999.9,30.7,28.5,30.2,1999.9,1999.9,1999.9,1999.9,29.2,29.2,29.2,29.1,25.6,1999.9,25.6,25.9
150,3/11/2024,0:53:42,29.5,29.8,29.6,29.3,29.2,29,28.2,26.8,1999.9,30.7,28.5,30.2,1999.9,1999.9,1999.9,1999.9,29.3,29.2,29.2,29.2,25.6,1999.9,25.7,25.9
151,3/11/2024,0:53:52,29.5,29.8,29.6,29.3,29.2,29,28.2,26.8,1999.9,30.7,28.5,30.2,1999.9,1999.9,1999.9,1999.9,29.3,29.2,29.2,29.2,25.6,1999.9,25.6,25.8
152,3/11/2024,0:54:02,29.5,29.9,29.6,29.3,29.2,29,28.2,26.8,1999.9,30.7,28.5,30.3,1999.9,1999.9,1999.9,1999.9,29.3,29.2,29.2,29.2,25.6,1999.9,25.6,25.9
153,3/11/2024,0:54:12,29.6,29.9,29.6,29.3,29.2,29,28.2,26.8,1999.9,30.7,28.5,30.3,1999.9,1999.9,1999.9,1999.9,29.3,29.3,29.2,29.2,25.6,1999.9,25.6,25.9
154,3/11/2024,0:54:22,29.5,29.9,29.6,29.3,29.2,29,28.2,26.8,1999.9,30.7,28.5,30.3,1999.9,1999.9,1999.9,1999.9,29.3,29.2,29.2,29.2,25.6,1999.9,25.7,25.9
155,3/11/2024,0:54:32,29.5,29.9,29.6,29.3,29.2,29,28.2,26.8,1999.9,30.7,28.5,30.3,1999.9,1999.9,1999.9,1999.9,29.3,29.2,29.2,29.2,25.6,1999.9,25.7,25.9
156,3/11/2024,0:54:42,29.5,29.8,29.6,29.3,29.2,29,28.2,26.8,1999.9,30.7,28.5,30.2,1999.9,1999.9,1999.9,1999.9,29.3,29.2,29.2,29.2,25.6,1999.9,25.7,25.9
157,3/11/2024,0:54:52,29.5,29.9,29.6,29.4,29.2,29,28.2,26.8,1999.9,30.7,28.5,30.1,1999.9,1999.9,1999.9,1999.9,29.3,29.3,29.2,29.2,25.6,1999.9,25.7,25.9
158,3/11/2024,0:55:02,29.5,29.9,29.6,29.3,29.2,29,28.2,26.8,1999.9,30.7,28.5,30.3,1999.9,1999.9,1999.9,1999.9,29.2,29.2,29.2,29.1,25.6,1999.9,25.7,25.9
159,3/11/2024,0:55:12,29.5,29.9,29.6,29.4,29.2,29,28.2,26.8,1999.9,30.7,28.5,30.3,1999.9,1999.9,1999.9,1999.9,29.3,29.2,29.2,29.2,25.6,1999.9,25.7,25.9
160,3/11/2024,0:55:23,29.5,29.9,29.6,29.3,29.2,29,28.2,26.8,1999.9,30.7,28.5,30.2,1999.9,1999.9,1999.9,1999.9,29.3,29.2,29.2,29.2,25.6,1999.9,25.7,25.9
161,3/11/2024,0:55:33,29.5,29.8,29.6,29.4,29.2,29,28.3,26.8,1999.9,30.7,28.5,30.1,1999.9,1999.9,1999.9,1999.9,29.3,29.3,29.3,29.3,25.6,1999.9,25.7,25.9
162,3/11/2024,0:55:43,29.5,29.8,29.6,29.3,29.2,29,28.2,26.8,1999.9,30.7,28.5,30.1,1999.9,1999.9,1999.9,1999.9,29.3,29.3,29.2,29.2,25.6,1999.9,25.7,25.9
163,3/11/2024,0:55:53,29.5,29.8,29.6,29.3,29.2,29,28.2,26.8,1999.9,30.7,28.5,30,1999.9,1999.9,1999.9,1999.9,29.3,29.3,29.2,29.2,25.6,1999.9,25.7,25.9
164,3/11/2024,0:56:03,29.5,29.8,29.6,29.3,29.2,29,28.2,26.8,1999.9,30.7,28.4,30.3,1999.9,1999.9,1999.9,1999.9,29.3,29.3,29.3,29.3,25.6,1999.9,25.7,25.9
165,3/11/2024,0:56:13,29.5,29.8,29.6,29.3,29.2,29,28.2,26.8,1999.9,30.7,28.4,30.3,1999.9,1999.9,1999.9,1999.9,29.3,29.3,29.3,29.2,25.6,1999.9,25.7,25.9
166,3/11/2024,0:56:23,29.5,29.8,29.6,29.3,29.2,29,28.2,26.8,1999.9,30.7,28.4,30.3,1999.9,1999.9,1999.9,1999.9,29.3,29.3,29.2,29.2,25.6,1999.9,25.7,25.9
167,3/11/2024,0:56:33,29.5,29.8,29.6,29.3,29.2,29,28.2,26.8,1999.9,30.7,28.4,30.3,1999.9,1999.9,1999.9,1999.9,29.3,29.3,29.3,29.2,25.6,1999.9,25.7,25.9
168,3/11/2024,0:56:43,29.5,29.8,29.6,29.3,29.2,29,28.2,26.8,1999.9,30.7,28.4,30.3,1999.9,1999.9,1999.9,1999.9,29.4,29.3,29.3,29.2,25.6,1999.9,25.7,25.9
169,3/11/2024,0:56:53,29.5,29.8,29.6,29.3,29.2,29,28.2,26.8,1999.9,30.7,28.4,30.3,1999.9,1999.9,1999.9,1999.9,29.3,29.3,29.2,29.2,25.6,1999.9,25.7,25.9
170,3/11/2024,0:57:04,29.6,29.9,29.6,29.3,29.2,29,28.2,26.8,1999.9,30.7,28.4,30.3,1999.9,1999.9,1999.9,1999.9,29.3,29.3,29.2,29.2,25.6,1999.9,25.6,25.9
171,3/11/2024,0:57:14,29.5,29.8,29.5,29.3,29.2,29,28.2,26.8,1999.9,30.7,28.4,30.3,1999.9,1999.9,1999.9,1999.9,29.3,29.2,29.2,29.2,25.6,1999.9,25.7,25.9
172,3/11/2024,0:57:24,29.5,29.8,29.6,29.3,29.2,29,28.2,26.8,1999.9,30.7,28.4,29.3,1999.9,1999.9,1999.9,1999.9,29.3,29.2,29.2,29.2,25.6,1999.9,25.7,25.9
173,3/11/2024,0:57:34,29.5,29.8,29.6,29.3,29.2,29,28.2,26.8,1999.9,30.7,28.5,30.1,1999.9,1999.9,1999.9,1999.9,29.3,29.3,29.2,29.2,25.6,1999.9,25.7,25.9
174,3/11/2024,0:57:44,29.5,29.8,29.5,29.3,29.2,29,28.2,26.8,1999.9,30.7,28.4,30.3,1999.9,1999.9,1999.9,1999.9,29.3,29.3,29.2,29.2,25.6,1999.9,25.6,25.8
175,3/11/2024,0:57:54,29.5,29.8,29.6,29.3,29.2,29,28.2,26.8,1999.9,30.7,28.4,30.2,1999.9,1999.9,1999.9,1999.9,29.3,29.3,29.2,29.2,25.6,1999.9,25.6,25.8
176,3/11/2024,0:58:04,29.6,29.9,29.6,29.3,29.2,29,28.2,26.8,1999.9,30.7,28.4,30.2,1999.9,1999.9,1999.9,1999.9,29.3,29.2,29.2,29.1,25.6,1999.9,25.7,25.9
177,3/11/2024,0:58:14,29.6,29.9,29.6,29.3,29.2,29,28.2,26.8,1999.9,30.7,28.4,30.1,1999.9,1999.9,1999.9,1999.9,29.3,29.2,29.2,29.1,25.6,1999.9,25.7,25.9
178,3/11/2024,0:58:24,29.6,29.9,29.6,29.3,29.2,29,28.2,26.8,1999.9,30.7,28.4,30,1999.9,1999.9,1999.9,1999.9,29.3,29.2,29.2,29.1,25.6,1999.9,25.6,25.8
179,3/11/2024,0:58:34,29.5,29.8,29.5,29.3,29.2,29,28.2,26.8,1999.9,30.7,28.4,30,1999.9,1999.9,1999.9,1999.9,29.3,29.2,29.2,29.1,25.6,1999.9,25.6,25.9
180,3/11/2024,0:58:45,29.5,29.8,29.6,29.3,29.2,29,28.2,26.8,1999.9,30.7,28.4,30.1,1999.9,1999.9,1999.9,1999.9,29.3,29.2,29.2,29.1,25.6,1999.9,25.6,25.8
181,3/11/2024,0:58:55,29.6,29.9,29.6,29.4,29.2,29,28.2,26.8,1999.9,30.7,28.4,29.9,1999.9,1999.9,1999.9,1999.9,29.3,29.3,29.2,29.2,25.6,1999.9,25.6,25.8
182,3/11/2024,0:59:05,29.6,29.9,29.6,29.3,29.2,29,28.2,26.8,1999.9,30.7,28.4,30,1999.9,1999.9,1999.9,1999.9,29.3,29.3,29.2,29.2,25.6,1999.9,25.7,25.9
183,3/11/2024,0:59:15,29.5,29.8,29.6,29.3,29.2,29,28.2,26.8,1999.9,30.7,28.4,29.9,1999.9,1999.9,1999.9,1999.9,29.3,29.3,29.2,29.2,25.6,1999.9,25.6,25.8
184,3/11/2024,0:59:25,29.6,29.9,29.6,29.4,29.2,29,28.2,26.8,1999.9,30.7,28.4,29.8,1999.9,1999.9,1999.9,1999.9,29.3,29.3,29.2,29.2,25.6,1999.9,25.6,25.9
185,3/11/2024,0:59:35,29.5,29.8,29.6,29.3,29.2,29,28.2,26.8,1999.9,30.8,28.4,29.6,1999.9,1999.9,1999.9,1999.9,29.3,29.3,29.2,29.2,25.6,1999.9,25.6,25.8
186,3/11/2024,0:59:45,29.6,29.9,29.6,29.4,29.2,29,28.2,26.8,1999.9,30.7,28.4,29.7,1999.9,1999.9,1999.9,1999.9,29.3,29.3,29.2,29.2,25.6,1999.9,25.6,25.9
187,3/11/2024,0:59:55,29.6,29.8,29.6,29.3,29.2,29,28.2,26.8,1999.9,30.7,28.4,29.6,1999.9,1999.9,1999.9,1999.9,29.3,29.3,29.2,29.2,25.6,1999.9,25.6,25.8
188,3/11/2024,1:00:05,29.5,29.8,29.6,29.3,29.2,29,28.2,26.8,1999.9,30.6,28.4,29.5,1999.9,1999.9,1999.9,1999.9,29.3,29.2,29.2,29.2,25.6,1999.9,25.6,25.8
189,3/11/2024,1:00:15,29.5,29.9,29.6,29.3,29.2,29,28.2,26.8,1999.9,30.6,28.4,29.6,1999.9,1999.9,1999.9,1999.9,29.3,29.3,29.2,29.2,25.6,1999.9,25.6,25.8
190,3/11/2024,1:00:26,29.5,29.8,29.5,29.3,29.2,29,28.2,26.8,1999.9,30.6,28.4,29.6,1999.9,1999.9,1999.9,1999.9,29.3,29.3,29.2,29.2,25.6,1999.9,25.6,25.9
191,3/11/2024,1:00:36,29.5,29.8,29.6,29.3,29.2,29,28.2,26.8,1999.9,30.5,28.4,29.5,1999.9,1999.9,1999.9,1999.9,29.3,29.3,29.2,29.2,25.6,1999.9,25.6,25.8
192,3/11/2024,1:00:46,29.5,29.8,29.6,29.3,29.2,29,28.2,26.8,1999.9,30.5,28.4,29.5,1999.9,1999.9,1999.9,1999.9,29.3,29.2,29.2,29.2,25.6,1999.9,25.6,25.8
193,3/11/2024,1:00:56,29.6,29.9,29.6,29.3,29.2,29,28.2,26.8,1999.9,30.4,28.4,29.5,1999.9,1999.9,1999.9,1999.9,29.3,29.3,29.2,29.2,25.6,1999.9,25.6,25.8
194,3/11/2024,1:01:06,29.5,29.8,29.6,29.3,29.2,29,28.2,26.8,1999.9,30.4,28.4,29.5,1999.9,1999.9,1999.9,1999.9,29.3,29.2,29.2,29.2,25.6,1999.9,25.6,25.9
195,3/11/2024,1:01:16,29.5,29.9,29.6,29.3,29.2,29,28.2,26.8,1999.9,30.3,28.4,29.4,1999.9,1999.9,1999.9,1999.9,29.3,29.2,29.2,29.2,25.6,1999.9,25.6,25.8
196,3/11/2024,1:01:26,29.5,29.8,29.6,29.3,29.2,29,28.2,26.8,1999.9,30.3,28.4,29.4,1999.9,1999.9,1999.9,1999.9,29.3,29.2,29.2,29.2,25.6,1999.9,25.6,25.8
197,3/11/2024,1:01:36,29.6,29.9,29.6,29.3,29.2,29,28.2,26.8,1999.9,30.3,28.5,29.4,1999.9,1999.9,1999.9,1999.9,29.3,29.3,29.2,29.2,25.6,1999.9,25.6,25.8
198,3/11/2024,1:01:46,29.5,29.9,29.6,29.3,29.2,29,28.2,26.8,1999.9,30.2,28.5,29.3,1999.9,1999.9,1999.9,1999.9,29.3,29.3,29.2,29.2,25.6,1999.9,25.6,25.8
199,3/11/2024,1:01:56,29.6,29.9,29.6,29.3,29.2,29,28.2,26.8,1999.9,30.2,28.5,29.3,1999.9,1999.9,1999.9,1999.9,29.3,29.3,29.2,29.2,25.6,1999.9,25.6,25.8
200,3/11/2024,1:02:07,29.6,29.9,29.6,29.3,29.2,29,28.2,26.8,1999.9,30.2,28.5,29.3,1999.9,1999.9,1999.9,1999.9,29.3,29.3,29.2,29.2,25.6,1999.9,25.6,25.8
201,3/11/2024,1:02:17,29.6,29.9,29.6,29.3,29.2,29,28.2,26.8,1999.9,30.2,28.5,29.3,1999.9,1999.9,1999.9,1999.9,29.3,29.3,29.2,29.2,25.6,1999.9,25.6,25.8
202,3/11/2024,1:02:27,29.6,29.9,29.6,29.3,29.2,29,28.2,26.8,1999.9,30.1,28.5,29.3,1999.9,1999.9,1999.9,1999.9,29.3,29.3,29.2,29.2,25.6,1999.9,25.6,25.8
203,3/11/2024,1:02:37,29.5,29.9,29.6,29.3,29.2,29,28.2,26.8,1999.9,30.1,28.5,29.3,1999.9,1999.9,1999.9,1999.9,29.3,29.3,29.2,29.2,25.6,1999.9,25.6,25.8
204,3/11/2024,1:02:47,29.5,29.9,29.6,29.3,29.2,29,28.2,26.8,1999.9,30.1,28.5,29.1,1999.9,1999.9,1999.9,1999.9,29.3,29.3,29.2,29.2,25.6,1999.9,25.6,25.8
205,3/11/2024,1:02:57,29.5,29.8,29.5,29.3,29.2,29,28.2,26.8,1999.9,30,28.5,29.2,1999.9,1999.9,1999.9,1999.9,29.3,29.3,29.2,29.2,25.6,1999.9,25.6,25.8
206,3/11/2024,1:03:07,29.5,29.8,29.5,29.3,29.2,29,28.2,26.8,1999.9,30,28.5,29.2,1999.9,1999.9,1999.9,1999.9,29.3,29.3,29.2,29.2,25.6,1999.9,25.6,25.8
207,3/11/2024,1:03:17,29.6,29.9,29.6,29.3,29.2,29,28.2,26.8,1999.9,30,28.5,29.2,1999.9,1999.9,1999.9,1999.9,29.3,29.2,29.2,29.2,25.6,1999.9,25.6,25.8
208,3/11/2024,1:03:27,29.6,29.9,29.6,29.3,29.2,29,28.2,26.8,1999.9,30,28.5,29.2,1999.9,1999.9,1999.9,1999.9,29.3,29.2,29.2,29.2,25.6,1999.9,25.6,25.8
209,3/11/2024,1:03:37,29.5,29.8,29.6,29.3,29.2,29,28.2,26.8,1999.9,30,28.5,29.2,1999.9,1999.9,1999.9,1999.9,29.3,29.3,29.2,29.2,25.6,1999.9,25.6,25.8
210,3/11/2024,1:04:08,29.5,29.8,29.6,29.3,29.2,29,28.2,26.7,1999.9,29.9,28.6,29.3,1999.9,1999.9,1999.9,1999.9,29.3,29.3,29.2,29.2,25.6,1999.9,25.6,25.8
211,3/11/2024,1:04:18,29.5,29.8,29.5,29.3,29.2,29,28.2,26.8,1999.9,29.9,28.6,29.3,1999.9,1999.9,1999.9,1999.9,29.3,29.3,29.2,29.2,25.6,1999.9,25.6,25.9
212,3/11/2024,1:04:28,29.6,29.9,29.6,29.3,29.2,29,28.2,26.8,1999.9,29.9,28.6,29.3,1999.9,1999.9,1999.9,1999.9,29.3,29.2,29.2,29.2,25.6,1999.9,25.6,25.9
213,3/11/2024,1:04:38,29.5,29.9,29.6,29.3,29.2,29,28.2,26.8,1999.9,29.9,28.6,29.3,1999.9,1999.9,1999.9,1999.9,29.3,29.2,29.2,29.2,25.6,1999.9,25.6,25.8
